--
-- PostgreSQL database dump
--

-- Dumped from database version 12.9 (Ubuntu 12.9-2.pgdg20.04+1)
-- Dumped by pg_dump version 12.9 (Ubuntu 12.9-2.pgdg20.04+1)

SET statement_timeout = 0;
SET lock_timeout = 0;
SET idle_in_transaction_session_timeout = 0;
SET client_encoding = 'UTF8';
SET standard_conforming_strings = on;
SELECT pg_catalog.set_config('search_path', '', false);
SET check_function_bodies = false;
SET xmloption = content;
SET client_min_messages = warning;
SET row_security = off;

DROP DATABASE universe;
--
-- Name: universe; Type: DATABASE; Schema: -; Owner: freecodecamp
--

CREATE DATABASE universe WITH TEMPLATE = template0 ENCODING = 'UTF8' LC_COLLATE = 'C.UTF-8' LC_CTYPE = 'C.UTF-8';


ALTER DATABASE universe OWNER TO freecodecamp;

\connect universe

SET statement_timeout = 0;
SET lock_timeout = 0;
SET idle_in_transaction_session_timeout = 0;
SET client_encoding = 'UTF8';
SET standard_conforming_strings = on;
SELECT pg_catalog.set_config('search_path', '', false);
SET check_function_bodies = false;
SET xmloption = content;
SET client_min_messages = warning;
SET row_security = off;

SET default_tablespace = '';

SET default_table_access_method = heap;

--
-- Name: blackholes; Type: TABLE; Schema: public; Owner: freecodecamp
--

CREATE TABLE public.blackholes (
    blackholes_id integer NOT NULL,
    name character varying(100) NOT NULL,
    galaxy_id integer,
    super_massive boolean
);


ALTER TABLE public.blackholes OWNER TO freecodecamp;

--
-- Name: blackholes_blackhole_id_seq; Type: SEQUENCE; Schema: public; Owner: freecodecamp
--

CREATE SEQUENCE public.blackholes_blackhole_id_seq
    AS integer
    START WITH 1
    INCREMENT BY 1
    NO MINVALUE
    NO MAXVALUE
    CACHE 1;


ALTER TABLE public.blackholes_blackhole_id_seq OWNER TO freecodecamp;

--
-- Name: blackholes_blackhole_id_seq; Type: SEQUENCE OWNED BY; Schema: public; Owner: freecodecamp
--

ALTER SEQUENCE public.blackholes_blackhole_id_seq OWNED BY public.blackholes.blackholes_id;


--
-- Name: galaxy; Type: TABLE; Schema: public; Owner: freecodecamp
--

CREATE TABLE public.galaxy (
    galaxy_id integer NOT NULL,
    name character varying(100) NOT NULL,
    galaxy_type text,
    stars_billions numeric(2,1),
    num_blackholes integer,
    age_millions_years integer
);


ALTER TABLE public.galaxy OWNER TO freecodecamp;

--
-- Name: galaxy_galaxy_id_seq; Type: SEQUENCE; Schema: public; Owner: freecodecamp
--

CREATE SEQUENCE public.galaxy_galaxy_id_seq
    AS integer
    START WITH 1
    INCREMENT BY 1
    NO MINVALUE
    NO MAXVALUE
    CACHE 1;


ALTER TABLE public.galaxy_galaxy_id_seq OWNER TO freecodecamp;

--
-- Name: galaxy_galaxy_id_seq; Type: SEQUENCE OWNED BY; Schema: public; Owner: freecodecamp
--

ALTER SEQUENCE public.galaxy_galaxy_id_seq OWNED BY public.galaxy.galaxy_id;


--
-- Name: moon; Type: TABLE; Schema: public; Owner: freecodecamp
--

CREATE TABLE public.moon (
    moon_id integer NOT NULL,
    name character varying(100) NOT NULL,
    planet_id integer,
    is_spherical boolean NOT NULL,
    has_water boolean
);


ALTER TABLE public.moon OWNER TO freecodecamp;

--
-- Name: moon_moon_id_seq; Type: SEQUENCE; Schema: public; Owner: freecodecamp
--

CREATE SEQUENCE public.moon_moon_id_seq
    AS integer
    START WITH 1
    INCREMENT BY 1
    NO MINVALUE
    NO MAXVALUE
    CACHE 1;


ALTER TABLE public.moon_moon_id_seq OWNER TO freecodecamp;

--
-- Name: moon_moon_id_seq; Type: SEQUENCE OWNED BY; Schema: public; Owner: freecodecamp
--

ALTER SEQUENCE public.moon_moon_id_seq OWNED BY public.moon.moon_id;


--
-- Name: planet; Type: TABLE; Schema: public; Owner: freecodecamp
--

CREATE TABLE public.planet (
    planet_id integer NOT NULL,
    name character varying(100) NOT NULL,
    star_id integer NOT NULL,
    populated boolean,
    has_water boolean
);


ALTER TABLE public.planet OWNER TO freecodecamp;

--
-- Name: planet_planet_id_seq; Type: SEQUENCE; Schema: public; Owner: freecodecamp
--

CREATE SEQUENCE public.planet_planet_id_seq
    AS integer
    START WITH 1
    INCREMENT BY 1
    NO MINVALUE
    NO MAXVALUE
    CACHE 1;


ALTER TABLE public.planet_planet_id_seq OWNER TO freecodecamp;

--
-- Name: planet_planet_id_seq; Type: SEQUENCE OWNED BY; Schema: public; Owner: freecodecamp
--

ALTER SEQUENCE public.planet_planet_id_seq OWNED BY public.planet.planet_id;


--
-- Name: star; Type: TABLE; Schema: public; Owner: freecodecamp
--

CREATE TABLE public.star (
    star_id integer NOT NULL,
    name character varying(100) NOT NULL,
    galaxy_id integer NOT NULL,
    star_type character varying(100) NOT NULL,
    age_millions_years integer,
    radius_kms integer NOT NULL
);


ALTER TABLE public.star OWNER TO freecodecamp;

--
-- Name: star_star_id_seq; Type: SEQUENCE; Schema: public; Owner: freecodecamp
--

CREATE SEQUENCE public.star_star_id_seq
    AS integer
    START WITH 1
    INCREMENT BY 1
    NO MINVALUE
    NO MAXVALUE
    CACHE 1;


ALTER TABLE public.star_star_id_seq OWNER TO freecodecamp;

--
-- Name: star_star_id_seq; Type: SEQUENCE OWNED BY; Schema: public; Owner: freecodecamp
--

ALTER SEQUENCE public.star_star_id_seq OWNED BY public.star.star_id;


--
-- Name: blackholes blackholes_id; Type: DEFAULT; Schema: public; Owner: freecodecamp
--

ALTER TABLE ONLY public.blackholes ALTER COLUMN blackholes_id SET DEFAULT nextval('public.blackholes_blackhole_id_seq'::regclass);


--
-- Name: galaxy galaxy_id; Type: DEFAULT; Schema: public; Owner: freecodecamp
--

ALTER TABLE ONLY public.galaxy ALTER COLUMN galaxy_id SET DEFAULT nextval('public.galaxy_galaxy_id_seq'::regclass);


--
-- Name: moon moon_id; Type: DEFAULT; Schema: public; Owner: freecodecamp
--

ALTER TABLE ONLY public.moon ALTER COLUMN moon_id SET DEFAULT nextval('public.moon_moon_id_seq'::regclass);


--
-- Name: planet planet_id; Type: DEFAULT; Schema: public; Owner: freecodecamp
--

ALTER TABLE ONLY public.planet ALTER COLUMN planet_id SET DEFAULT nextval('public.planet_planet_id_seq'::regclass);


--
-- Name: star star_id; Type: DEFAULT; Schema: public; Owner: freecodecamp
--

ALTER TABLE ONLY public.star ALTER COLUMN star_id SET DEFAULT nextval('public.star_star_id_seq'::regclass);


--
-- Data for Name: blackholes; Type: TABLE DATA; Schema: public; Owner: freecodecamp
--

INSERT INTO public.blackholes VALUES (1, 'Aristotle', 1, true);
INSERT INTO public.blackholes VALUES (2, 'Cerverus', 3, true);
INSERT INTO public.blackholes VALUES (3, 'C56-347sD', 6, false);


--
-- Data for Name: galaxy; Type: TABLE DATA; Schema: public; Owner: freecodecamp
--

INSERT INTO public.galaxy VALUES (1, 'Andromeda Galaxy', 'spiral', 9.1, 35, 10000);
INSERT INTO public.galaxy VALUES (2, 'Milky Way Galaxy', 'spiral', 1.2, 100, 13000);
INSERT INTO public.galaxy VALUES (3, 'Canis Major Dwarf Galaxy', 'irregular', 2.3, 52, 41000);
INSERT INTO public.galaxy VALUES (4, 'Cagnus A', 'elliptical', 1.7, 16, 20000);
INSERT INTO public.galaxy VALUES (5, 'Messier 87', 'elliptical', 6.7, 19, 10000);
INSERT INTO public.galaxy VALUES (6, 'Black Eye Galaxy', 'spiral', 9.6, 8, 13280);


--
-- Data for Name: moon; Type: TABLE DATA; Schema: public; Owner: freecodecamp
--

INSERT INTO public.moon VALUES (1, 'Moon', 1, true, NULL);
INSERT INTO public.moon VALUES (2, 'Io', 2, true, NULL);
INSERT INTO public.moon VALUES (3, 'Ganemede', 3, false, NULL);
INSERT INTO public.moon VALUES (4, 'Eurpoa', 4, false, NULL);
INSERT INTO public.moon VALUES (5, 'Alpha-635', 5, true, NULL);
INSERT INTO public.moon VALUES (6, 'Titan', 6, false, NULL);
INSERT INTO public.moon VALUES (7, 'Enceladus', 7, true, NULL);
INSERT INTO public.moon VALUES (9, 'Iapetus', 9, true, NULL);
INSERT INTO public.moon VALUES (10, 'Triton', 10, false, NULL);
INSERT INTO public.moon VALUES (11, 'Bestla', 11, true, NULL);
INSERT INTO public.moon VALUES (12, 'Callisto', 13, true, NULL);
INSERT INTO public.moon VALUES (13, 'Greip', 1, true, NULL);
INSERT INTO public.moon VALUES (14, 'Hyperion', 2, true, NULL);
INSERT INTO public.moon VALUES (15, 'Erriapus', 3, false, NULL);
INSERT INTO public.moon VALUES (16, 'Phobos', 4, true, NULL);
INSERT INTO public.moon VALUES (17, 'Kivius', 5, true, NULL);
INSERT INTO public.moon VALUES (18, 'Bergemir', 6, true, NULL);
INSERT INTO public.moon VALUES (19, 'Mimas', 7, true, NULL);
INSERT INTO public.moon VALUES (21, 'Fornjot', 9, false, NULL);
INSERT INTO public.moon VALUES (22, 'Alliance-87B', 10, false, NULL);


--
-- Data for Name: planet; Type: TABLE DATA; Schema: public; Owner: freecodecamp
--

INSERT INTO public.planet VALUES (1, 'Earth', 1, true, NULL);
INSERT INTO public.planet VALUES (2, 'Jupiter', 1, false, NULL);
INSERT INTO public.planet VALUES (3, 'Kepler-186f', 1, false, NULL);
INSERT INTO public.planet VALUES (4, 'Pegasi-b', 1, true, NULL);
INSERT INTO public.planet VALUES (5, 'Cancri-285g', 2, false, NULL);
INSERT INTO public.planet VALUES (6, 'Proxima Centauri', 3, false, NULL);
INSERT INTO public.planet VALUES (7, 'Trappist-54a', 4, true, NULL);
INSERT INTO public.planet VALUES (9, 'Gliese-908', 5, false, NULL);
INSERT INTO public.planet VALUES (10, 'Pluto-908', 6, false, NULL);
INSERT INTO public.planet VALUES (11, 'Saturn', 1, true, NULL);
INSERT INTO public.planet VALUES (12, 'Ogle-2005', 5, true, NULL);
INSERT INTO public.planet VALUES (13, 'Charon', 2, true, NULL);


--
-- Data for Name: star; Type: TABLE DATA; Schema: public; Owner: freecodecamp
--

INSERT INTO public.star VALUES (1, 'Sun', 2, 'yellow dwarf', 4500, 697000);
INSERT INTO public.star VALUES (2, 'Betelgeuse', 1, 'red supergiant', 10, 617000000);
INSERT INTO public.star VALUES (3, 'Vega', 3, 'spectral', 455, 160000);
INSERT INTO public.star VALUES (4, 'Sirius B', 4, 'white dwarf', 230, 695800);
INSERT INTO public.star VALUES (5, 'Rigel', 5, 'blue supergiant', 8, 54890000);
INSERT INTO public.star VALUES (6, 'Lambda Velorum', 6, 'orange supergiant', 32, 146000000);


--
-- Name: blackholes_blackhole_id_seq; Type: SEQUENCE SET; Schema: public; Owner: freecodecamp
--

SELECT pg_catalog.setval('public.blackholes_blackhole_id_seq', 3, true);


--
-- Name: galaxy_galaxy_id_seq; Type: SEQUENCE SET; Schema: public; Owner: freecodecamp
--

SELECT pg_catalog.setval('public.galaxy_galaxy_id_seq', 6, true);


--
-- Name: moon_moon_id_seq; Type: SEQUENCE SET; Schema: public; Owner: freecodecamp
--

SELECT pg_catalog.setval('public.moon_moon_id_seq', 22, true);


--
-- Name: planet_planet_id_seq; Type: SEQUENCE SET; Schema: public; Owner: freecodecamp
--

SELECT pg_catalog.setval('public.planet_planet_id_seq', 14, true);


--
-- Name: star_star_id_seq; Type: SEQUENCE SET; Schema: public; Owner: freecodecamp
--

SELECT pg_catalog.setval('public.star_star_id_seq', 6, true);


--
-- Name: blackholes blackholes_name_key; Type: CONSTRAINT; Schema: public; Owner: freecodecamp
--

ALTER TABLE ONLY public.blackholes
    ADD CONSTRAINT blackholes_name_key UNIQUE (name);


--
-- Name: blackholes blackholes_pkey; Type: CONSTRAINT; Schema: public; Owner: freecodecamp
--

ALTER TABLE ONLY public.blackholes
    ADD CONSTRAINT blackholes_pkey PRIMARY KEY (blackholes_id);


--
-- Name: galaxy galaxy_name_key; Type: CONSTRAINT; Schema: public; Owner: freecodecamp
--

ALTER TABLE ONLY public.galaxy
    ADD CONSTRAINT galaxy_name_key UNIQUE (name);


--
-- Name: galaxy galaxy_pkey; Type: CONSTRAINT; Schema: public; Owner: freecodecamp
--

ALTER TABLE ONLY public.galaxy
    ADD CONSTRAINT galaxy_pkey PRIMARY KEY (galaxy_id);


--
-- Name: moon moon_name_key; Type: CONSTRAINT; Schema: public; Owner: freecodecamp
--

ALTER TABLE ONLY public.moon
    ADD CONSTRAINT moon_name_key UNIQUE (name);


--
-- Name: moon moon_pkey; Type: CONSTRAINT; Schema: public; Owner: freecodecamp
--

ALTER TABLE ONLY public.moon
    ADD CONSTRAINT moon_pkey PRIMARY KEY (moon_id);


--
-- Name: planet planet_name_key; Type: CONSTRAINT; Schema: public; Owner: freecodecamp
--

ALTER TABLE ONLY public.planet
    ADD CONSTRAINT planet_name_key UNIQUE (name);


--
-- Name: planet planet_pkey; Type: CONSTRAINT; Schema: public; Owner: freecodecamp
--

ALTER TABLE ONLY public.planet
    ADD CONSTRAINT planet_pkey PRIMARY KEY (planet_id);


--
-- Name: star star_name_key; Type: CONSTRAINT; Schema: public; Owner: freecodecamp
--

ALTER TABLE ONLY public.star
    ADD CONSTRAINT star_name_key UNIQUE (name);


--
-- Name: star star_pkey; Type: CONSTRAINT; Schema: public; Owner: freecodecamp
--

ALTER TABLE ONLY public.star
    ADD CONSTRAINT star_pkey PRIMARY KEY (star_id);


--
-- Name: blackholes blackholes_galaxy_id_fkey; Type: FK CONSTRAINT; Schema: public; Owner: freecodecamp
--

ALTER TABLE ONLY public.blackholes
    ADD CONSTRAINT blackholes_galaxy_id_fkey FOREIGN KEY (galaxy_id) REFERENCES public.galaxy(galaxy_id);


--
-- Name: moon moon_planet_id_fkey; Type: FK CONSTRAINT; Schema: public; Owner: freecodecamp
--

ALTER TABLE ONLY public.moon
    ADD CONSTRAINT moon_planet_id_fkey FOREIGN KEY (planet_id) REFERENCES public.planet(planet_id);


--
-- Name: planet planet_star_id_fkey; Type: FK CONSTRAINT; Schema: public; Owner: freecodecamp
--

ALTER TABLE ONLY public.planet
    ADD CONSTRAINT planet_star_id_fkey FOREIGN KEY (star_id) REFERENCES public.star(star_id);


--
-- Name: star star_galaxy_id_fkey; Type: FK CONSTRAINT; Schema: public; Owner: freecodecamp
--

ALTER TABLE ONLY public.star
    ADD CONSTRAINT star_galaxy_id_fkey FOREIGN KEY (galaxy_id) REFERENCES public.galaxy(galaxy_id);


--
-- PostgreSQL database dump complete
--
